[  
{  
	"Title":"Love Yourself",
	"Author":"Justin Bieber",
	"Image":"assets/images/justinb.jpg"
	},
	{  
		"Title":"Hello",
		"Author":"Adele",
		"Image":"assets/images/adelle.jpg"
		},
		{  
			"Title":"Sorry",
			"Author":"Justin Bieber",
			"Image":"assets/images/justinb.jpg"
			},
			{  
				"Title":"Stressed Out",
				"Author":"twenty One Pilots",
				"Image":"assets/images/stressed out.jpg"
				},
				{  
					"Title":"Roses",
					"Author":"The Chainsmokers",
					"Image":"assets/images/rosescs.jpg"
					},
					{  
						"Title":"Same Old Love",
						"Author":"Selena Gomez",
						"Image":"assets/images/sameoldlove.jpg"
						},
						{  
							"Title":"Stand By You",
							"Author":"Rachel Plattern",
							"Image":"assets/images/standbyyou.jpg"
						}
						]